"DEPARTURES_SCHEDULED","DEPARTURES_PERFORMED","PAYLOAD","SEATS","PASSENGERS","FREIGHT","MAIL","DISTANCE","RAMP_TO_RAMP","AIR_TIME","UNIQUE_CARRIER","AIRLINE_ID","UNIQUE_CARRIER_NAME","UNIQUE_CARRIER_ENTITY","REGION","CARRIER","CARRIER_NAME","CARRIER_GROUP","CARRIER_GROUP_NEW","ORIGIN_AIRPORT_ID","ORIGIN_AIRPORT_SEQ_ID","ORIGIN_CITY_MARKET_ID","ORIGIN","ORIGIN_CITY_NAME","ORIGIN_STATE_ABR","ORIGIN_STATE_FIPS","ORIGIN_STATE_NM","ORIGIN_COUNTRY","ORIGIN_COUNTRY_NAME","ORIGIN_WAC","DEST_AIRPORT_ID","DEST_AIRPORT_SEQ_ID","DEST_CITY_MARKET_ID","DEST","DEST_CITY_NAME","DEST_STATE_ABR","DEST_STATE_FIPS","DEST_STATE_NM","DEST_COUNTRY","DEST_COUNTRY_NAME","DEST_WAC","AIRCRAFT_GROUP","AIRCRAFT_TYPE","AIRCRAFT_CONFIG","YEAR","QUARTER","MONTH","DISTANCE_GROUP","CLASS","DATA_SOURCE",
1.00,1.00,49300.00,176.00,151.00,0.00,0.00,867.00,166.00,127.00,"AA",19805,"American Airlines Inc.","0A050","D","AA","American Airlines Inc.",3,3,10721,1072102,30721,"BOS","Boston, MA","MA","25","Massachusetts","US","United States",13,13930,1393004,30977,"ORD","Chicago, IL","IL","17","Illinois","US","United States",41,6,"622",1,2016,4,11,2,"F","DU",
1.00,1.00,80700.00,209.00,29.00,0.00,0.00,867.00,138.00,119.00,"AA",19805,"American Airlines Inc.","0A050","D","AA","American Airlines Inc.",3,3,10721,1072102,30721,"BOS","Boston, MA","MA","25","Massachusetts","US","United States",13,13930,1393004,30977,"ORD","Chicago, IL","IL","17","Illinois","US","United States",41,6,"626",1,2016,4,11,2,"F","DU",
1.00,1.00,52300.00,176.00,164.00,0.00,413.00,599.00,141.00,78.00,"AA",19805,"American Airlines Inc.","0A050","D","AA","American Airlines Inc.",3,3,11057,1105703,31057,"CLT","Charlotte, NC","NC","37","North Carolina","US","United States",36,13930,1393004,30977,"ORD","Chicago, IL","IL","17","Illinois","US","United States",41,6,"622",1,2016,4,11,2,"F","DU",
1.00,1.00,50200.00,181.00,161.00,0.00,0.00,612.00,136.00,100.00,"AA",19805,"American Airlines Inc.","0A050","D","AA","American Airlines Inc.",3,3,11278,1127803,30852,"DCA","Washington, DC","VA","51","Virginia","US","United States",38,13930,1393004,30977,"ORD","Chicago, IL","IL","17","Illinois","US","United States",41,6,"699",1,2016,4,11,2,"F","DU",
1.00,1.00,35600.00,128.00,113.00,4.00,0.00,802.00,128.00,104.00,"AA",19805,"American Airlines Inc.","0A050","D","AA","American Airlines Inc.",3,3,11298,1129804,30194,"DFW","Dallas/Fort Worth, TX","TX","48","Texas","US","United States",74,13930,1393004,30977,"ORD","Chicago, IL","IL","17","Illinois","US","United States",41,6,"698",1,2016,4,11,2,"F","DU",
1.00,1.00,39900.00,160.00,121.00,0.00,0.00,235.00,107.00,48.00,"AA",19805,"American Airlines Inc.","0A050","D","AA","American Airlines Inc.",3,3,11433,1143302,31295,"DTW","Detroit, MI","MI","26","Michigan","US","United States",43,13930,1393004,30977,"ORD","Chicago, IL","IL","17","Illinois","US","United States",41,6,"614",1,2016,4,11,1,"F","DU",
1.00,1.00,51700.00,187.00,166.00,0.00,0.00,588.00,98.00,80.00,"AA",19805,"American Airlines Inc.","0A050","D","AA","American Airlines Inc.",3,3,12278,1227803,30928,"ICT","Wichita, KS","KS","20","Kansas","US","United States",62,13930,1393004,30977,"ORD","Chicago, IL","IL","17","Illinois","US","United States",41,6,"699",1,2016,4,11,2,"F","DU",
1.00,1.00,49500.00,184.00,140.00,1465.00,0.00,1744.00,255.00,214.00,"AA",19805,"American Airlines Inc.","0A050","D","AA","American Airlines Inc.",3,3,12892,1289204,32575,"LAX","Los Angeles, CA","CA","06","California","US","United States",91,13930,1393004,30977,"ORD","Chicago, IL","IL","17","Illinois","US","United States",41,6,"622",1,2016,4,11,4,"F","DU",
1.00,1.00,35600.00,128.00,127.00,0.00,0.00,1744.00,247.00,212.00,"AA",19805,"American Airlines Inc.","0A050","D","AA","American Airlines Inc.",3,3,12892,1289204,32575,"LAX","Los Angeles, CA","CA","06","California","US","United States",91,13930,1393004,30977,"ORD","Chicago, IL","IL","17","Illinois","US","United States",41,6,"698",1,2016,4,11,4,"F","DU",
1.00,1.00,35300.00,140.00,138.00,0.00,0.00,1005.00,177.00,158.00,"AA",19805,"American Airlines Inc.","0A050","D","AA","American Airlines Inc.",3,3,13204,1320402,31454,"MCO","Orlando, FL","FL","12","Florida","US","United States",33,13930,1393004,30977,"ORD","Chicago, IL","IL","17","Illinois","US","United States",41,6,"655",1,2016,4,11,3,"F","DU",
1.00,1.00,136200.00,310.00,300.00,8068.00,1019.00,1197.00,213.00,168.00,"AA",19805,"American Airlines Inc.","0A050","D","AA","American Airlines Inc.",3,3,13303,1330303,32467,"MIA","Miami, FL","FL","12","Florida","US","United States",33,13930,1393004,30977,"ORD","Chicago, IL","IL","17","Illinois","US","United States",41,6,"637",1,2016,4,11,3,"F","DU",
1.00,1.00,92237.00,289.00,258.00,35.00,1494.00,1197.00,207.00,168.00,"AA",19805,"American Airlines Inc.","0A050","D","AA","American Airlines Inc.",3,3,13303,1330303,32467,"MIA","Miami, FL","FL","12","Florida","US","United States",33,13930,1393004,30977,"ORD","Chicago, IL","IL","17","Illinois","US","United States",41,8,"822",1,2016,4,11,3,"F","DU",
1.00,1.00,40400.00,160.00,154.00,0.00,0.00,1700.00,235.00,217.00,"AA",19805,"American Airlines Inc.","0A050","D","AA","American Airlines Inc.",3,3,13891,1389101,32575,"ONT","Ontario, CA","CA","06","California","US","United States",91,13930,1393004,30977,"ORD","Chicago, IL","IL","17","Illinois","US","United States",41,6,"614",1,2016,4,11,4,"F","DU",
1.00,1.00,49300.00,176.00,163.00,9.00,265.00,867.00,137.00,107.00,"AA",19805,"American Airlines Inc.","0A050","D","AA","American Airlines Inc.",3,3,13930,1393004,30977,"ORD","Chicago, IL","IL","17","Illinois","US","United States",41,10721,1072102,30721,"BOS","Boston, MA","MA","25","Massachusetts","US","United States",13,6,"622",1,2016,4,11,2,"F","DU",
1.00,1.00,80700.00,209.00,58.00,0.00,0.00,867.00,138.00,105.00,"AA",19805,"American Airlines Inc.","0A050","D","AA","American Airlines Inc.",3,3,13930,1393004,30977,"ORD","Chicago, IL","IL","17","Illinois","US","United States",41,10721,1072102,30721,"BOS","Boston, MA","MA","25","Massachusetts","US","United States",13,6,"626",1,2016,4,11,2,"F","DU",
1.00,1.00,50200.00,181.00,141.00,0.00,0.00,867.00,131.00,113.00,"AA",19805,"American Airlines Inc.","0A050","D","AA","American Airlines Inc.",3,3,13930,1393004,30977,"ORD","Chicago, IL","IL","17","Illinois","US","United States",41,10721,1072102,30721,"BOS","Boston, MA","MA","25","Massachusetts","US","United States",13,6,"699",1,2016,4,11,2,"F","DU",
1.00,1.00,52300.00,176.00,154.00,0.00,0.00,599.00,125.00,89.00,"AA",19805,"American Airlines Inc.","0A050","D","AA","American Airlines Inc.",3,3,13930,1393004,30977,"ORD","Chicago, IL","IL","17","Illinois","US","United States",41,11057,1105703,31057,"CLT","Charlotte, NC","NC","37","North Carolina","US","United States",36,6,"622",1,2016,4,11,2,"F","DU",
1.00,1.00,136200.00,310.00,251.00,9493.00,2236.00,802.00,127.00,102.00,"AA",19805,"American Airlines Inc.","0A050","D","AA","American Airlines Inc.",3,3,13930,1393004,30977,"ORD","Chicago, IL","IL","17","Illinois","US","United States",41,11298,1129804,30194,"DFW","Dallas/Fort Worth, TX","TX","48","Texas","US","United States",74,6,"637",1,2016,4,11,2,"F","DU",
1.00,1.00,35600.00,128.00,94.00,51.00,692.00,802.00,158.00,115.00,"AA",19805,"American Airlines Inc.","0A050","D","AA","American Airlines Inc.",3,3,13930,1393004,30977,"ORD","Chicago, IL","IL","17","Illinois","US","United States",41,11298,1129804,30194,"DFW","Dallas/Fort Worth, TX","TX","48","Texas","US","United States",74,6,"698",1,2016,4,11,2,"F","DU",
1.00,1.00,39900.00,160.00,65.00,0.00,0.00,235.00,75.00,50.00,"AA",19805,"American Airlines Inc.","0A050","D","AA","American Airlines Inc.",3,3,13930,1393004,30977,"ORD","Chicago, IL","IL","17","Illinois","US","United States",41,11433,1143302,31295,"DTW","Detroit, MI","MI","26","Michigan","US","United States",43,6,"614",1,2016,4,11,1,"F","DU",
1.00,1.00,51700.00,187.00,147.00,357.00,0.00,740.00,144.00,100.00,"AA",19805,"American Airlines Inc.","0A050","D","AA","American Airlines Inc.",3,3,13930,1393004,30977,"ORD","Chicago, IL","IL","17","Illinois","US","United States",41,12478,1247803,31703,"JFK","New York, NY","NY","36","New York","US","United States",22,6,"699",1,2016,4,11,2,"F","DU",
1.00,1.00,49500.00,184.00,148.00,2375.00,918.00,1744.00,256.00,219.00,"AA",19805,"American Airlines Inc.","0A050","D","AA","American Airlines Inc.",3,3,13930,1393004,30977,"ORD","Chicago, IL","IL","17","Illinois","US","United States",41,12892,1289204,32575,"LAX","Los Angeles, CA","CA","06","California","US","United States",91,6,"622",1,2016,4,11,4,"F","DU",
1.00,1.00,35300.00,140.00,93.00,0.00,0.00,403.00,90.00,66.00,"AA",19805,"American Airlines Inc.","0A050","D","AA","American Airlines Inc.",3,3,13930,1393004,30977,"ORD","Chicago, IL","IL","17","Illinois","US","United States",41,13198,1319801,33198,"MCI","Kansas City, MO","MO","29","Missouri","US","United States",64,6,"655",1,2016,4,11,1,"F","DU",
1.00,1.00,35300.00,140.00,116.00,0.00,0.00,1005.00,143.00,122.00,"AA",19805,"American Airlines Inc.","0A050","D","AA","American Airlines Inc.",3,3,13930,1393004,30977,"ORD","Chicago, IL","IL","17","Illinois","US","United States",41,13204,1320402,31454,"MCO","Orlando, FL","FL","12","Florida","US","United States",33,6,"655",1,2016,4,11,3,"F","DU",
1.00,1.00,35600.00,128.00,76.00,846.00,0.00,1197.00,191.00,151.00,"AA",19805,"American Airlines Inc.","0A050","D","AA","American Airlines Inc.",3,3,13930,1393004,30977,"ORD","Chicago, IL","IL","17","Illinois","US","United States",41,13303,1330303,32467,"MIA","Miami, FL","FL","12","Florida","US","United States",33,6,"698",1,2016,4,11,3,"F","DU",
1.00,1.00,92237.00,289.00,263.00,26025.00,0.00,1197.00,194.00,144.00,"AA",19805,"American Airlines Inc.","0A050","D","AA","American Airlines Inc.",3,3,13930,1393004,30977,"ORD","Chicago, IL","IL","17","Illinois","US","United States",41,13303,1330303,32467,"MIA","Miami, FL","FL","12","Florida","US","United States",33,8,"822",1,2016,4,11,3,"F","DU",
1.00,1.00,52300.00,188.00,174.00,0.00,355.00,1440.00,227.00,204.00,"AA",19805,"American Airlines Inc.","0A050","D","AA","American Airlines Inc.",3,3,13930,1393004,30977,"ORD","Chicago, IL","IL","17","Illinois","US","United States",41,14107,1410702,30466,"PHX","Phoenix, AZ","AZ","04","Arizona","US","United States",81,6,"622",1,2016,4,11,3,"F","DU",
1.00,1.00,36400.00,128.00,89.00,0.00,0.00,1440.00,224.00,199.00,"AA",19805,"American Airlines Inc.","0A050","D","AA","American Airlines Inc.",3,3,13930,1393004,30977,"ORD","Chicago, IL","IL","17","Illinois","US","United States",41,14107,1410702,30466,"PHX","Phoenix, AZ","AZ","04","Arizona","US","United States",81,6,"698",1,2016,4,11,3,"F","DU",
1.00,1.00,50200.00,181.00,148.00,410.00,245.00,779.00,183.00,167.00,"AA",19805,"American Airlines Inc.","0A050","D","AA","American Airlines Inc.",3,3,13930,1393004,30977,"ORD","Chicago, IL","IL","17","Illinois","US","United States",41,14457,1445702,34457,"RAP","Rapid City, SD","SD","46","South Dakota","US","United States",67,6,"699",1,2016,4,11,2,"F","DU",
1.00,1.00,82400.00,209.00,150.00,0.00,0.00,1846.00,296.00,268.00,"AA",19805,"American Airlines Inc.","0A050","D","AA","American Airlines Inc.",3,3,13930,1393004,30977,"ORD","Chicago, IL","IL","17","Illinois","US","United States",41,14771,1477102,32457,"SFO","San Francisco, CA","CA","06","California","US","United States",91,6,"626",1,2016,4,11,4,"F","DU",
1.00,1.00,52300.00,188.00,164.00,0.00,0.00,1440.00,198.00,167.00,"AA",19805,"American Airlines Inc.","0A050","D","AA","American Airlines Inc.",3,3,14107,1410702,30466,"PHX","Phoenix, AZ","AZ","04","Arizona","US","United States",81,13930,1393004,30977,"ORD","Chicago, IL","IL","17","Illinois","US","United States",41,6,"622",1,2016,4,11,3,"F","DU",
1.00,1.00,38700.00,150.00,149.00,380.00,0.00,1440.00,224.00,176.00,"AA",19805,"American Airlines Inc.","0A050","D","AA","American Airlines Inc.",3,3,14107,1410702,30466,"PHX","Phoenix, AZ","AZ","04","Arizona","US","United States",81,13930,1393004,30977,"ORD","Chicago, IL","IL","17","Illinois","US","United States",41,6,"694",1,2016,4,11,3,"F","DU",
1.00,1.00,36400.00,128.00,112.00,0.00,0.00,1440.00,186.00,160.00,"AA",19805,"American Airlines Inc.","0A050","D","AA","American Airlines Inc.",3,3,14107,1410702,30466,"PHX","Phoenix, AZ","AZ","04","Arizona","US","United States",81,13930,1393004,30977,"ORD","Chicago, IL","IL","17","Illinois","US","United States",41,6,"698",1,2016,4,11,3,"F","DU",
1.00,1.00,50200.00,181.00,65.00,0.00,0.00,1721.00,227.00,204.00,"AA",19805,"American Airlines Inc.","0A050","D","AA","American Airlines Inc.",3,3,14747,1474703,30559,"SEA","Seattle, WA","WA","53","Washington","US","United States",93,13930,1393004,30977,"ORD","Chicago, IL","IL","17","Illinois","US","United States",41,6,"699",1,2016,4,11,4,"F","DU",
1.00,1.00,82400.00,209.00,186.00,1540.00,1474.00,1846.00,243.00,208.00,"AA",19805,"American Airlines Inc.","0A050","D","AA","American Airlines Inc.",3,3,14771,1477102,32457,"SFO","San Francisco, CA","CA","06","California","US","United States",91,13930,1393004,30977,"ORD","Chicago, IL","IL","17","Illinois","US","United States",41,6,"626",1,2016,4,11,4,"F","DU",
1.00,1.00,49300.00,168.00,102.00,59.00,1758.00,3953.00,580.00,554.00,"AA",19805,"American Airlines Inc.","10049","A","AA","American Airlines Inc.",3,3,12972,1297204,30730,"LHR","London, United Kingdom","","","","GB","United Kingdom",493,13930,1393004,30977,"ORD","Chicago, IL","IL","17","Illinois","US","United States",41,6,"622",1,2016,4,11,8,"F","IU",
1.00,1.00,80700.00,204.00,121.00,29884.00,0.00,3826.00,530.00,494.00,"AA",19805,"American Airlines Inc.","10049","A","AA","American Airlines Inc.",3,3,13165,1316502,33165,"MAN","Manchester, United Kingdom","","","","GB","United Kingdom",493,13930,1393004,30977,"ORD","Chicago, IL","IL","17","Illinois","US","United States",41,6,"626",1,2016,4,11,8,"F","IU",
1.00,1.00,49300.00,174.00,166.00,0.00,0.00,3953.00,455.00,440.00,"AA",19805,"American Airlines Inc.","10049","A","AA","American Airlines Inc.",3,3,13930,1393004,30977,"ORD","Chicago, IL","IL","17","Illinois","US","United States",41,12972,1297204,30730,"LHR","London, United Kingdom","","","","GB","United Kingdom",493,6,"622",1,2016,4,11,8,"F","IU",
1.00,1.00,80700.00,204.00,170.00,8942.00,0.00,3826.00,419.00,398.00,"AA",19805,"American Airlines Inc.","10049","A","AA","American Airlines Inc.",3,3,13930,1393004,30977,"ORD","Chicago, IL","IL","17","Illinois","US","United States",41,13165,1316502,33165,"MAN","Manchester, United Kingdom","","","","GB","United Kingdom",493,6,"626",1,2016,4,11,8,"F","IU",
2.00,2.00,74700.00,280.00,232.00,0.00,0.00,977.00,298.00,257.00,"AA",19805,"American Airlines Inc.","0A050","D","AA","American Airlines Inc.",3,3,10423,1042302,30423,"AUS","Austin, TX","TX","48","Texas","US","United States",74,13930,1393004,30977,"ORD","Chicago, IL","IL","17","Illinois","US","United States",41,6,"655",1,2016,4,11,2,"F","DU",
2.00,2.00,98600.00,336.00,287.00,3649.00,0.00,978.00,361.00,306.00,"AA",19805,"American Airlines Inc.","0A050","D","AA","American Airlines Inc.",3,3,10581,1058102,30581,"BGR","Bangor, ME","ME","23","Maine","US","United States",12,13930,1393004,30977,"ORD","Chicago, IL","IL","17","Illinois","US","United States",41,6,"622",1,2016,4,11,2,"F","DU",
2.00,2.00,209800.00,494.00,442.00,20993.00,0.00,802.00,259.00,202.00,"AA",19805,"American Airlines Inc.","0A050","D","AA","American Airlines Inc.",3,3,11298,1129804,30194,"DFW","Dallas/Fort Worth, TX","TX","48","Texas","US","United States",74,13930,1393004,30977,"ORD","Chicago, IL","IL","17","Illinois","US","United States",41,6,"627",1,2016,4,11,2,"F","DU",
2.00,2.00,80300.00,320.00,261.00,3.00,0.00,177.00,184.00,121.00,"AA",19805,"American Airlines Inc.","0A050","D","AA","American Airlines Inc.",3,3,12339,1233904,32337,"IND","Indianapolis, IN","IN","18","Indiana","US","United States",42,13930,1393004,30977,"ORD","Chicago, IL","IL","17","Illinois","US","United States",41,6,"614",1,2016,4,11,1,"F","DU",
2.00,2.00,74700.00,280.00,232.00,2.00,0.00,177.00,198.00,105.00,"AA",19805,"American Airlines Inc.","0A050","D","AA","American Airlines Inc.",3,3,12339,1233904,32337,"IND","Indianapolis, IN","IN","18","Indiana","US","United States",42,13930,1393004,30977,"ORD","Chicago, IL","IL","17","Illinois","US","United States",41,6,"655",1,2016,4,11,1,"F","DU",
2.00,2.00,74700.00,280.00,242.00,0.00,0.00,977.00,302.00,278.00,"AA",19805,"American Airlines Inc.","0A050","D","AA","American Airlines Inc.",3,3,13930,1393004,30977,"ORD","Chicago, IL","IL","17","Illinois","US","United States",41,10423,1042302,30423,"AUS","Austin, TX","TX","48","Texas","US","United States",74,6,"655",1,2016,4,11,2,"F","DU",
2.00,2.00,212100.00,494.00,323.00,45248.00,2095.00,802.00,275.00,213.00,"AA",19805,"American Airlines Inc.","0A050","D","AA","American Airlines Inc.",3,3,13930,1393004,30977,"ORD","Chicago, IL","IL","17","Illinois","US","United States",41,11298,1129804,30194,"DFW","Dallas/Fort Worth, TX","TX","48","Texas","US","United States",74,6,"627",1,2016,4,11,2,"F","DU",
2.00,2.00,80800.00,320.00,279.00,0.00,0.00,588.00,252.00,203.00,"AA",19805,"American Airlines Inc.","0A050","D","AA","American Airlines Inc.",3,3,13930,1393004,30977,"ORD","Chicago, IL","IL","17","Illinois","US","United States",41,12264,1226402,30852,"IAD","Washington, DC","VA","51","Virginia","US","United States",38,6,"614",1,2016,4,11,2,"F","DU",
2.00,2.00,81200.00,320.00,275.00,0.00,0.00,1437.00,460.00,424.00,"AA",19805,"American Airlines Inc.","0A050","D","AA","American Airlines Inc.",3,3,13930,1393004,30977,"ORD","Chicago, IL","IL","17","Illinois","US","United States",41,15376,1537602,30436,"TUS","Tucson, AZ","AZ","04","Arizona","US","United States",81,6,"614",1,2016,4,11,3,"F","DU",
2.00,2.00,80300.00,320.00,134.00,0.00,0.00,258.00,177.00,97.00,"AA",19805,"American Airlines Inc.","0A050","D","AA","American Airlines Inc.",3,3,15016,1501603,31123,"STL","St. Louis, MO","MO","29","Missouri","US","United States",64,13930,1393004,30977,"ORD","Chicago, IL","IL","17","Illinois","US","United States",41,6,"614",1,2016,4,11,1,"F","DU",
2.00,2.00,81200.00,320.00,181.00,0.00,0.00,1437.00,376.00,332.00,"AA",19805,"American Airlines Inc.","0A050","D","AA","American Airlines Inc.",3,3,15376,1537602,30436,"TUS","Tucson, AZ","AZ","04","Arizona","US","United States",81,13930,1393004,30977,"ORD","Chicago, IL","IL","17","Illinois","US","United States",41,6,"614",1,2016,4,11,3,"F","DU",
3.00,3.00,153600.00,555.00,535.00,0.00,0.00,1514.00,628.00,521.00,"AA",19805,"American Airlines Inc.","0A050","D","AA","American Airlines Inc.",3,3,12889,1288903,32211,"LAS","Las Vegas, NV","NV","32","Nevada","US","United States",85,13930,1393004,30977,"ORD","Chicago, IL","IL","17","Illinois","US","United States",41,6,"699",1,2016,4,11,4,"F","DU",
3.00,3.00,315300.00,741.00,575.00,20586.00,2238.00,1197.00,566.00,494.00,"AA",19805,"American Airlines Inc.","0A050","D","AA","American Airlines Inc.",3,3,13303,1330303,32467,"MIA","Miami, FL","FL","12","Florida","US","United States",33,13930,1393004,30977,"ORD","Chicago, IL","IL","17","Illinois","US","United States",41,6,"627",1,2016,4,11,3,"F","DU",
3.00,3.00,120200.00,480.00,402.00,1150.00,0.00,67.00,208.00,76.00,"AA",19805,"American Airlines Inc.","0A050","D","AA","American Airlines Inc.",3,3,13342,1334205,33342,"MKE","Milwaukee, WI","WI","55","Wisconsin","US","United States",45,13930,1393004,30977,"ORD","Chicago, IL","IL","17","Illinois","US","United States",41,6,"614",1,2016,4,11,1,"F","DU",
3.00,3.00,153600.00,555.00,475.00,600.00,0.00,1514.00,692.00,620.00,"AA",19805,"American Airlines Inc.","0A050","D","AA","American Airlines Inc.",3,3,13930,1393004,30977,"ORD","Chicago, IL","IL","17","Illinois","US","United States",41,12889,1288903,32211,"LAS","Las Vegas, NV","NV","32","Nevada","US","United States",85,6,"699",1,2016,4,11,4,"F","DU",
3.00,3.00,315000.00,741.00,682.00,54752.00,4332.00,1197.00,517.00,441.00,"AA",19805,"American Airlines Inc.","0A050","D","AA","American Airlines Inc.",3,3,13930,1393004,30977,"ORD","Chicago, IL","IL","17","Illinois","US","United States",41,13303,1330303,32467,"MIA","Miami, FL","FL","12","Florida","US","United States",33,6,"627",1,2016,4,11,3,"F","DU",
3.00,3.00,122400.00,480.00,232.00,0.00,0.00,1671.00,725.00,662.00,"AA",19805,"American Airlines Inc.","0A050","D","AA","American Airlines Inc.",3,3,13930,1393004,30977,"ORD","Chicago, IL","IL","17","Illinois","US","United States",41,14570,1457002,34570,"RNO","Reno, NV","NV","32","Nevada","US","United States",85,6,"614",1,2016,4,11,4,"F","DU",
4.00,4.00,422500.00,1001.00,869.00,9374.00,2184.00,1744.00,930.00,778.00,"AA",19805,"American Airlines Inc.","0A050","D","AA","American Airlines Inc.",3,3,12892,1289204,32575,"LAX","Los Angeles, CA","CA","06","California","US","United States",91,13930,1393004,30977,"ORD","Chicago, IL","IL","17","Illinois","US","United States",41,6,"627",1,2016,4,11,4,"F","DU",
4.00,4.00,420200.00,1001.00,893.00,30405.00,2770.00,1744.00,1038.00,890.00,"AA",19805,"American Airlines Inc.","0A050","D","AA","American Airlines Inc.",3,3,13930,1393004,30977,"ORD","Chicago, IL","IL","17","Illinois","US","United States",41,12892,1289204,32575,"LAX","Los Angeles, CA","CA","06","California","US","United States",91,6,"627",1,2016,4,11,4,"F","DU",
4.00,4.00,160100.00,640.00,296.00,0.00,0.00,1671.00,962.00,852.00,"AA",19805,"American Airlines Inc.","0A050","D","AA","American Airlines Inc.",3,3,14570,1457002,34570,"RNO","Reno, NV","NV","32","Nevada","US","United States",85,13930,1393004,30977,"ORD","Chicago, IL","IL","17","Illinois","US","United States",41,6,"614",1,2016,4,11,4,"F","DU",
4.00,4.00,160600.00,640.00,529.00,656.00,0.00,1981.00,1063.00,934.00,"AA",19805,"American Airlines Inc.","10050","L","AA","American Airlines Inc.",3,3,13930,1393004,30977,"ORD","Chicago, IL","IL","17","Illinois","US","United States",41,14293,1429302,34293,"PUJ","Punta Cana, Dominican Republic","","","","DO","Dominican Republic",224,6,"614",1,2016,4,11,4,"F","IU",
4.00,4.00,160600.00,640.00,506.00,0.00,0.00,1981.00,1248.00,1109.00,"AA",19805,"American Airlines Inc.","10050","L","AA","American Airlines Inc.",3,3,14293,1429302,34293,"PUJ","Punta Cana, Dominican Republic","","","","DO","Dominican Republic",224,13930,1393004,30977,"ORD","Chicago, IL","IL","17","Illinois","US","United States",41,6,"614",1,2016,4,11,4,"F","IU",
5.00,5.00,251000.00,905.00,684.00,229.00,871.00,1197.00,943.00,827.00,"AA",19805,"American Airlines Inc.","0A050","D","AA","American Airlines Inc.",3,3,13303,1330303,32467,"MIA","Miami, FL","FL","12","Florida","US","United States",33,13930,1393004,30977,"ORD","Chicago, IL","IL","17","Illinois","US","United States",41,6,"699",1,2016,4,11,3,"F","DU",
6.00,6.00,244300.00,960.00,871.00,0.00,0.00,888.00,846.00,661.00,"AA",19805,"American Airlines Inc.","0A050","D","AA","American Airlines Inc.",3,3,11292,1129202,30325,"DEN","Denver, CO","CO","08","Colorado","US","United States",82,13930,1393004,30977,"ORD","Chicago, IL","IL","17","Illinois","US","United States",41,6,"614",1,2016,4,11,2,"F","DU",
6.00,6.00,217800.00,840.00,770.00,0.00,0.00,719.00,951.00,718.00,"AA",19805,"American Airlines Inc.","0A050","D","AA","American Airlines Inc.",3,3,11618,1161802,31703,"EWR","Newark, NJ","NJ","34","New Jersey","US","United States",21,13930,1393004,30977,"ORD","Chicago, IL","IL","17","Illinois","US","United States",41,6,"655",1,2016,4,11,2,"F","DU",
6.00,6.00,244300.00,960.00,839.00,60.00,0.00,888.00,959.00,787.00,"AA",19805,"American Airlines Inc.","0A050","D","AA","American Airlines Inc.",3,3,13930,1393004,30977,"ORD","Chicago, IL","IL","17","Illinois","US","United States",41,11292,1129202,30325,"DEN","Denver, CO","CO","08","Colorado","US","United States",82,6,"614",1,2016,4,11,2,"F","DU",
6.00,6.00,217800.00,840.00,708.00,240.00,0.00,719.00,707.00,551.00,"AA",19805,"American Airlines Inc.","0A050","D","AA","American Airlines Inc.",3,3,13930,1393004,30977,"ORD","Chicago, IL","IL","17","Illinois","US","United States",41,11618,1161802,31703,"EWR","Newark, NJ","NJ","34","New Jersey","US","United States",21,6,"655",1,2016,4,11,2,"F","DU",
7.00,7.00,592100.00,1582.00,1479.00,39102.00,3134.00,1744.00,1807.00,1553.00,"AA",19805,"American Airlines Inc.","0A050","D","AA","American Airlines Inc.",3,3,13930,1393004,30977,"ORD","Chicago, IL","IL","17","Illinois","US","United States",41,12892,1289204,32575,"LAX","Los Angeles, CA","CA","06","California","US","United States",91,8,"887",1,2016,4,11,4,"F","DU",
8.00,8.00,288100.00,1024.00,883.00,527.00,0.00,599.00,987.00,766.00,"AA",19805,"American Airlines Inc.","0A050","D","AA","American Airlines Inc.",3,3,11057,1105703,31057,"CLT","Charlotte, NC","NC","37","North Carolina","US","United States",36,13930,1393004,30977,"ORD","Chicago, IL","IL","17","Illinois","US","United States",41,6,"698",1,2016,4,11,2,"F","DU",
8.00,8.00,675000.00,1808.00,1581.00,132380.00,1488.00,1744.00,1896.00,1538.00,"AA",19805,"American Airlines Inc.","0A050","D","AA","American Airlines Inc.",3,3,12892,1289204,32575,"LAX","Los Angeles, CA","CA","06","California","US","United States",91,13930,1393004,30977,"ORD","Chicago, IL","IL","17","Illinois","US","United States",41,8,"887",1,2016,4,11,4,"F","DU",
8.00,8.00,322200.00,1280.00,998.00,0.00,0.00,1783.00,1994.00,1855.00,"AA",19805,"American Airlines Inc.","10050","L","AA","American Airlines Inc.",3,3,13930,1393004,30977,"ORD","Chicago, IL","IL","17","Illinois","US","United States",41,14312,1431202,34312,"PVR","Puerto Vallarta, Mexico","","","","MX","Mexico",148,6,"614",1,2016,4,11,4,"F","IU",
8.00,8.00,322200.00,1280.00,1016.00,0.00,0.00,1783.00,1933.00,1742.00,"AA",19805,"American Airlines Inc.","10050","L","AA","American Airlines Inc.",3,3,14312,1431202,34312,"PVR","Puerto Vallarta, Mexico","","","","MX","Mexico",148,13930,1393004,30977,"ORD","Chicago, IL","IL","17","Illinois","US","United States",41,6,"614",1,2016,4,11,4,"F","IU",
9.00,9.00,324700.00,1152.00,945.00,1027.00,0.00,599.00,1020.00,761.00,"AA",19805,"American Airlines Inc.","0A050","D","AA","American Airlines Inc.",3,3,13930,1393004,30977,"ORD","Chicago, IL","IL","17","Illinois","US","United States",41,11057,1105703,31057,"CLT","Charlotte, NC","NC","37","North Carolina","US","United States",36,6,"698",1,2016,4,11,2,"F","DU",
10.00,10.00,394200.00,1500.00,1273.00,310.00,0.00,599.00,1241.00,914.00,"AA",19805,"American Airlines Inc.","0A050","D","AA","American Airlines Inc.",3,3,11057,1105703,31057,"CLT","Charlotte, NC","NC","37","North Carolina","US","United States",36,13930,1393004,30977,"ORD","Chicago, IL","IL","17","Illinois","US","United States",41,6,"694",1,2016,4,11,2,"F","DU",
10.00,10.00,362100.00,1280.00,1061.00,1340.00,0.00,678.00,1179.00,888.00,"AA",19805,"American Airlines Inc.","0A050","D","AA","American Airlines Inc.",3,3,13930,1393004,30977,"ORD","Chicago, IL","IL","17","Illinois","US","United States",41,14100,1410002,34100,"PHL","Philadelphia, PA","PA","42","Pennsylvania","US","United States",23,6,"698",1,2016,4,11,2,"F","DU",
11.00,11.00,398700.00,1408.00,1293.00,268.00,0.00,678.00,1543.00,1132.00,"AA",19805,"American Airlines Inc.","0A050","D","AA","American Airlines Inc.",3,3,14100,1410002,34100,"PHL","Philadelphia, PA","PA","42","Pennsylvania","US","United States",23,13930,1393004,30977,"ORD","Chicago, IL","IL","17","Illinois","US","United States",41,6,"698",1,2016,4,11,2,"F","DU",
12.00,12.00,966500.00,2562.00,2209.00,86183.00,13476.00,802.00,1617.00,1251.00,"AA",19805,"American Airlines Inc.","0A050","D","AA","American Airlines Inc.",3,3,11298,1129804,30194,"DFW","Dallas/Fort Worth, TX","TX","48","Texas","US","United States",74,13930,1393004,30977,"ORD","Chicago, IL","IL","17","Illinois","US","United States",41,6,"626",1,2016,4,11,2,"F","DU",
12.00,12.00,474000.00,1800.00,1353.00,0.00,0.00,599.00,1284.00,992.00,"AA",19805,"American Airlines Inc.","0A050","D","AA","American Airlines Inc.",3,3,13930,1393004,30977,"ORD","Chicago, IL","IL","17","Illinois","US","United States",41,11057,1105703,31057,"CLT","Charlotte, NC","NC","37","North Carolina","US","United States",36,6,"694",1,2016,4,11,2,"F","DU",
18.00,18.00,725100.00,2880.00,2461.00,0.00,0.00,646.00,2415.00,1847.00,"AA",19805,"American Airlines Inc.","0A050","D","AA","American Airlines Inc.",3,3,14492,1449202,34492,"RDU","Raleigh/Durham, NC","NC","37","North Carolina","US","United States",36,13930,1393004,30977,"ORD","Chicago, IL","IL","17","Illinois","US","United States",41,6,"614",1,2016,4,11,2,"F","DU",
19.00,19.00,932500.00,3192.00,2193.00,24823.00,0.00,3826.00,10005.00,9429.00,"AA",19805,"American Airlines Inc.","10049","A","AA","American Airlines Inc.",3,3,13165,1316502,33165,"MAN","Manchester, United Kingdom","","","","GB","United Kingdom",493,13930,1393004,30977,"ORD","Chicago, IL","IL","17","Illinois","US","United States",41,6,"622",1,2016,4,11,8,"F","IU",
20.00,20.00,803700.00,3200.00,2450.00,0.00,0.00,1721.00,5079.00,4591.00,"AA",19805,"American Airlines Inc.","10050","L","AA","American Airlines Inc.",3,3,13180,1318002,33180,"MBJ","Montego Bay, Jamaica","","","","JM","Jamaica",243,13930,1393004,30977,"ORD","Chicago, IL","IL","17","Illinois","US","United States",41,6,"614",1,2016,4,11,4,"F","IU",
20.00,20.00,803700.00,3200.00,2303.00,100.00,0.00,1721.00,4648.00,4223.00,"AA",19805,"American Airlines Inc.","10050","L","AA","American Airlines Inc.",3,3,13930,1393004,30977,"ORD","Chicago, IL","IL","17","Illinois","US","United States",41,13180,1318002,33180,"MBJ","Montego Bay, Jamaica","","","","JM","Jamaica",243,6,"614",1,2016,4,11,4,"F","IU",
20.00,19.00,1608500.00,4275.00,2989.00,221730.00,33448.00,7057.00,16342.00,15685.00,"AA",19805,"American Airlines Inc.","10052","P","AA","American Airlines Inc.",3,3,13930,1393004,30977,"ORD","Chicago, IL","IL","17","Illinois","US","United States",41,14309,1430902,34309,"PVG","Shanghai, China","","","","CN","China",713,8,"887",1,2016,4,11,15,"F","IU",
21.00,21.00,1031100.00,3555.00,2665.00,23835.00,0.00,3826.00,9489.00,8872.00,"AA",19805,"American Airlines Inc.","10049","A","AA","American Airlines Inc.",3,3,13930,1393004,30977,"ORD","Chicago, IL","IL","17","Illinois","US","United States",41,13165,1316502,33165,"MAN","Manchester, United Kingdom","","","","GB","United Kingdom",493,6,"622",1,2016,4,11,8,"F","IU",
21.00,20.00,1696000.00,4498.00,2484.00,381071.00,147183.00,7057.00,15940.00,14746.00,"AA",19805,"American Airlines Inc.","10052","P","AA","American Airlines Inc.",3,3,14309,1430902,34309,"PVG","Shanghai, China","","","","CN","China",713,13930,1393004,30977,"ORD","Chicago, IL","IL","17","Illinois","US","United States",41,8,"887",1,2016,4,11,15,"F","IU",
23.00,23.00,924200.00,3680.00,3317.00,46192.00,1737.00,2072.00,6162.00,5629.00,"AA",19805,"American Airlines Inc.","0A050","D","AA","American Airlines Inc.",3,3,13930,1393004,30977,"ORD","Chicago, IL","IL","17","Illinois","US","United States",41,14843,1484304,34819,"SJU","San Juan, PR","PR","72","Puerto Rico","US","United States",3,6,"614",1,2016,4,11,5,"F","DU",
23.00,23.00,924200.00,3680.00,3109.00,1679.00,0.00,2072.00,7443.00,6602.00,"AA",19805,"American Airlines Inc.","0A050","D","AA","American Airlines Inc.",3,3,14843,1484304,34819,"SJU","San Juan, PR","PR","72","Puerto Rico","US","United States",3,13930,1393004,30977,"ORD","Chicago, IL","IL","17","Illinois","US","United States",41,6,"614",1,2016,4,11,5,"F","DU",
25.00,25.00,921900.00,3500.00,2697.00,185.00,0.00,606.00,3201.00,2387.00,"AA",19805,"American Airlines Inc.","0A050","D","AA","American Airlines Inc.",3,3,10397,1039705,30397,"ATL","Atlanta, GA","GA","13","Georgia","US","United States",34,13930,1393004,30977,"ORD","Chicago, IL","IL","17","Illinois","US","United States",41,6,"655",1,2016,4,11,2,"F","DU",
25.00,25.00,2020500.00,5116.00,3286.00,363066.00,40791.00,4153.00,14096.00,13299.00,"AA",19805,"American Airlines Inc.","10049","A","AA","American Airlines Inc.",3,3,10920,1092003,30920,"CDG","Paris, France","","","","FR","France",427,13930,1393004,30977,"ORD","Chicago, IL","IL","17","Illinois","US","United States",41,6,"626",1,2016,4,11,9,"F","IU",
25.00,25.00,2018800.00,5124.00,3161.00,243062.00,30639.00,4153.00,12106.00,11345.00,"AA",19805,"American Airlines Inc.","10049","A","AA","American Airlines Inc.",3,3,13930,1393004,30977,"ORD","Chicago, IL","IL","17","Illinois","US","United States",41,10920,1092003,30920,"CDG","Paris, France","","","","FR","France",427,6,"626",1,2016,4,11,9,"F","IU",
25.00,25.00,1010500.00,4000.00,3416.00,4138.00,0.00,1807.00,6646.00,6148.00,"AA",19805,"American Airlines Inc.","10050","L","AA","American Airlines Inc.",3,3,13930,1393004,30977,"ORD","Chicago, IL","IL","17","Illinois","US","United States",41,14832,1483202,34832,"SJD","San Jose del Cabo, Mexico","","","","MX","Mexico",148,6,"614",1,2016,4,11,4,"F","IU",
25.00,25.00,1010500.00,4000.00,3206.00,0.00,0.00,1807.00,6106.00,5434.00,"AA",19805,"American Airlines Inc.","10050","L","AA","American Airlines Inc.",3,3,14832,1483202,34832,"SJD","San Jose del Cabo, Mexico","","","","MX","Mexico",148,13930,1393004,30977,"ORD","Chicago, IL","IL","17","Illinois","US","United States",41,6,"614",1,2016,4,11,4,"F","IU",
26.00,26.00,961300.00,3640.00,2573.00,1908.00,0.00,606.00,2958.00,2216.00,"AA",19805,"American Airlines Inc.","0A050","D","AA","American Airlines Inc.",3,3,13930,1393004,30977,"ORD","Chicago, IL","IL","17","Illinois","US","United States",41,10397,1039705,30397,"ATL","Atlanta, GA","GA","13","Georgia","US","United States",34,6,"655",1,2016,4,11,2,"F","DU",
26.00,26.00,1298200.00,4772.00,3918.00,3224.00,9020.00,802.00,3887.00,3081.00,"AA",19805,"American Airlines Inc.","0A050","D","AA","American Airlines Inc.",3,3,13930,1393004,30977,"ORD","Chicago, IL","IL","17","Illinois","US","United States",41,11298,1129804,30194,"DFW","Dallas/Fort Worth, TX","TX","48","Texas","US","United States",74,6,"622",1,2016,4,11,2,"F","DU",
26.00,26.00,1052500.00,4160.00,2824.00,615.00,0.00,585.00,2718.00,2086.00,"AA",19805,"American Airlines Inc.","0A050","D","AA","American Airlines Inc.",3,3,15370,1537002,34653,"TUL","Tulsa, OK","OK","40","Oklahoma","US","United States",73,13930,1393004,30977,"ORD","Chicago, IL","IL","17","Illinois","US","United States",41,6,"614",1,2016,4,11,2,"F","DU",
27.00,27.00,1093300.00,4320.00,3629.00,752.00,0.00,599.00,3484.00,2569.00,"AA",19805,"American Airlines Inc.","0A050","D","AA","American Airlines Inc.",3,3,11057,1105703,31057,"CLT","Charlotte, NC","NC","37","North Carolina","US","United States",36,13930,1393004,30977,"ORD","Chicago, IL","IL","17","Illinois","US","United States",41,6,"614",1,2016,4,11,2,"F","DU",
27.00,27.00,1345100.00,4916.00,4381.00,6098.00,2502.00,802.00,3826.00,2904.00,"AA",19805,"American Airlines Inc.","0A050","D","AA","American Airlines Inc.",3,3,11298,1129804,30194,"DFW","Dallas/Fort Worth, TX","TX","48","Texas","US","United States",74,13930,1393004,30977,"ORD","Chicago, IL","IL","17","Illinois","US","United States",41,6,"622",1,2016,4,11,2,"F","DU",
27.00,27.00,2274900.00,6102.00,4895.00,383262.00,18524.00,802.00,3649.00,2736.00,"AA",19805,"American Airlines Inc.","0A050","D","AA","American Airlines Inc.",3,3,11298,1129804,30194,"DFW","Dallas/Fort Worth, TX","TX","48","Texas","US","United States",74,13930,1393004,30977,"ORD","Chicago, IL","IL","17","Illinois","US","United States",41,8,"887",1,2016,4,11,2,"F","DU",
27.00,27.00,1093000.00,4320.00,3426.00,1720.00,0.00,599.00,2951.00,2273.00,"AA",19805,"American Airlines Inc.","0A050","D","AA","American Airlines Inc.",3,3,13930,1393004,30977,"ORD","Chicago, IL","IL","17","Illinois","US","United States",41,11057,1105703,31057,"CLT","Charlotte, NC","NC","37","North Carolina","US","United States",36,6,"614",1,2016,4,11,2,"F","DU",
27.00,27.00,1355400.00,4887.00,3574.00,0.00,0.00,612.00,2862.00,2254.00,"AA",19805,"American Airlines Inc.","0A050","D","AA","American Airlines Inc.",3,3,13930,1393004,30977,"ORD","Chicago, IL","IL","17","Illinois","US","United States",41,11278,1127803,30852,"DCA","Washington, DC","VA","51","Virginia","US","United States",38,6,"699",1,2016,4,11,2,"F","DU",
27.00,27.00,3677400.00,8369.00,6028.00,971852.00,5033.00,3953.00,14147.00,13109.00,"AA",19805,"American Airlines Inc.","10049","A","AA","American Airlines Inc.",3,3,12972,1297204,30730,"LHR","London, United Kingdom","","","","GB","United Kingdom",493,13930,1393004,30977,"ORD","Chicago, IL","IL","17","Illinois","US","United States",41,6,"637",1,2016,4,11,8,"F","IU",
27.00,27.00,3677400.00,8369.00,6830.00,1102557.00,20605.00,3953.00,12299.00,11499.00,"AA",19805,"American Airlines Inc.","10049","A","AA","American Airlines Inc.",3,3,13930,1393004,30977,"ORD","Chicago, IL","IL","17","Illinois","US","United States",41,12972,1297204,30730,"LHR","London, United Kingdom","","","","GB","United Kingdom",493,6,"637",1,2016,4,11,8,"F","IU",
27.00,27.00,2280400.00,6075.00,5255.00,498409.00,62676.00,6274.00,18428.00,17202.00,"AA",19805,"American Airlines Inc.","10052","P","AA","American Airlines Inc.",3,3,13744,1374403,32169,"NRT","Tokyo, Japan","","","","JP","Japan",736,13930,1393004,30977,"ORD","Chicago, IL","IL","17","Illinois","US","United States",41,8,"887",1,2016,4,11,13,"F","IU",
27.00,27.00,2281200.00,6075.00,5200.00,404231.00,27038.00,6274.00,21082.00,20256.00,"AA",19805,"American Airlines Inc.","10052","P","AA","American Airlines Inc.",3,3,13930,1393004,30977,"ORD","Chicago, IL","IL","17","Illinois","US","United States",41,13744,1374403,32169,"NRT","Tokyo, Japan","","","","JP","Japan",736,8,"887",1,2016,4,11,13,"F","IU",
27.00,27.00,2273500.00,6075.00,4510.00,288287.00,63999.00,6579.00,21431.00,20627.00,"AA",19805,"American Airlines Inc.","10052","P","AA","American Airlines Inc.",3,3,13930,1393004,30977,"ORD","Chicago, IL","IL","17","Illinois","US","United States",41,14066,1406604,34066,"PEK","Beijing, China","","","","CN","China",713,8,"887",1,2016,4,11,14,"F","IU",
27.00,27.00,2276600.00,6075.00,4737.00,639452.00,81359.00,6579.00,20729.00,19493.00,"AA",19805,"American Airlines Inc.","10052","P","AA","American Airlines Inc.",3,3,14066,1406604,34066,"PEK","Beijing, China","","","","CN","China",713,13930,1393004,30977,"ORD","Chicago, IL","IL","17","Illinois","US","United States",41,8,"887",1,2016,4,11,14,"F","IU",
28.00,28.00,2364000.00,6328.00,5315.00,318372.00,32295.00,802.00,4031.00,3130.00,"AA",19805,"American Airlines Inc.","0A050","D","AA","American Airlines Inc.",3,3,13930,1393004,30977,"ORD","Chicago, IL","IL","17","Illinois","US","United States",41,11298,1129804,30194,"DFW","Dallas/Fort Worth, TX","TX","48","Texas","US","United States",74,8,"887",1,2016,4,11,2,"F","DU",
28.00,28.00,1128500.00,4480.00,2700.00,456.00,1965.00,258.00,1825.00,1315.00,"AA",19805,"American Airlines Inc.","0A050","D","AA","American Airlines Inc.",3,3,13930,1393004,30977,"ORD","Chicago, IL","IL","17","Illinois","US","United States",41,15016,1501603,31123,"STL","St. Louis, MO","MO","29","Missouri","US","United States",64,6,"614",1,2016,4,11,1,"F","DU",
29.00,29.00,1176500.00,4640.00,3659.00,294.00,5426.00,1781.00,7653.00,6945.00,"AA",19805,"American Airlines Inc.","0A050","D","AA","American Airlines Inc.",3,3,13930,1393004,30977,"ORD","Chicago, IL","IL","17","Illinois","US","United States",41,14893,1489302,33192,"SMF","Sacramento, CA","CA","06","California","US","United States",91,6,"614",1,2016,4,11,4,"F","DU",
29.00,29.00,1178900.00,4640.00,3877.00,532.00,17577.00,1781.00,7068.00,6163.00,"AA",19805,"American Airlines Inc.","0A050","D","AA","American Airlines Inc.",3,3,14893,1489302,33192,"SMF","Sacramento, CA","CA","06","California","US","United States",91,13930,1393004,30977,"ORD","Chicago, IL","IL","17","Illinois","US","United States",41,6,"614",1,2016,4,11,4,"F","DU",
30.00,30.00,1210500.00,4800.00,3960.00,0.00,0.00,783.00,4591.00,3657.00,"AA",19805,"American Airlines Inc.","0A050","D","AA","American Airlines Inc.",3,3,10529,1052904,30529,"BDL","Hartford, CT","CT","09","Connecticut","US","United States",11,13930,1393004,30977,"ORD","Chicago, IL","IL","17","Illinois","US","United States",41,6,"614",1,2016,4,11,2,"F","DU",
30.00,30.00,1209100.00,4800.00,3654.00,8052.00,8859.00,740.00,4931.00,3603.00,"AA",19805,"American Airlines Inc.","0A050","D","AA","American Airlines Inc.",3,3,12478,1247803,31703,"JFK","New York, NY","NY","36","New York","US","United States",22,13930,1393004,30977,"ORD","Chicago, IL","IL","17","Illinois","US","United States",41,6,"614",1,2016,4,11,2,"F","DU",
30.00,30.00,1212900.00,4800.00,3992.00,272.00,1573.00,783.00,3731.00,2956.00,"AA",19805,"American Airlines Inc.","0A050","D","AA","American Airlines Inc.",3,3,13930,1393004,30977,"ORD","Chicago, IL","IL","17","Illinois","US","United States",41,10529,1052904,30529,"BDL","Hartford, CT","CT","09","Connecticut","US","United States",11,6,"614",1,2016,4,11,2,"F","DU",
30.00,30.00,1210300.00,4800.00,3489.00,1606.00,0.00,403.00,2588.00,1886.00,"AA",19805,"American Airlines Inc.","0A050","D","AA","American Airlines Inc.",3,3,13930,1393004,30977,"ORD","Chicago, IL","IL","17","Illinois","US","United States",41,13198,1319801,33198,"MCI","Kansas City, MO","MO","29","Missouri","US","United States",64,6,"614",1,2016,4,11,1,"F","DU",
30.00,30.00,1214700.00,4800.00,4198.00,0.00,0.00,1651.00,7363.00,6609.00,"AA",19805,"American Airlines Inc.","0A050","D","AA","American Airlines Inc.",3,3,13930,1393004,30977,"ORD","Chicago, IL","IL","17","Illinois","US","United States",41,14262,1426204,34262,"PSP","Palm Springs, CA","CA","06","California","US","United States",91,6,"614",1,2016,4,11,4,"F","DU",
30.00,30.00,1213100.00,4800.00,2657.00,3348.00,0.00,585.00,3247.00,2612.00,"AA",19805,"American Airlines Inc.","0A050","D","AA","American Airlines Inc.",3,3,13930,1393004,30977,"ORD","Chicago, IL","IL","17","Illinois","US","United States",41,15370,1537002,34653,"TUL","Tulsa, OK","OK","40","Oklahoma","US","United States",73,6,"614",1,2016,4,11,2,"F","DU",
30.00,30.00,1209200.00,4800.00,4089.00,0.00,0.00,1651.00,6932.00,5971.00,"AA",19805,"American Airlines Inc.","0A050","D","AA","American Airlines Inc.",3,3,14262,1426204,34262,"PSP","Palm Springs, CA","CA","06","California","US","United States",91,13930,1393004,30977,"ORD","Chicago, IL","IL","17","Illinois","US","United States",41,6,"614",1,2016,4,11,4,"F","DU",
31.00,31.00,1251700.00,4960.00,2820.00,761.00,0.00,403.00,2987.00,1917.00,"AA",19805,"American Airlines Inc.","0A050","D","AA","American Airlines Inc.",3,3,13198,1319801,33198,"MCI","Kansas City, MO","MO","29","Missouri","US","United States",64,13930,1393004,30977,"ORD","Chicago, IL","IL","17","Illinois","US","United States",41,6,"614",1,2016,4,11,1,"F","DU",
31.00,31.00,1247110.00,4960.00,4347.00,1970.00,16695.00,678.00,3693.00,2873.00,"AA",19805,"American Airlines Inc.","0A050","D","AA","American Airlines Inc.",3,3,13930,1393004,30977,"ORD","Chicago, IL","IL","17","Illinois","US","United States",41,14100,1410002,34100,"PHL","Philadelphia, PA","PA","42","Pennsylvania","US","United States",23,6,"614",1,2016,4,11,2,"F","DU",
31.00,31.00,1249400.00,4960.00,3803.00,3497.00,0.00,678.00,4329.00,3218.00,"AA",19805,"American Airlines Inc.","0A050","D","AA","American Airlines Inc.",3,3,14100,1410002,34100,"PHL","Philadelphia, PA","PA","42","Pennsylvania","US","United States",23,13930,1393004,30977,"ORD","Chicago, IL","IL","17","Illinois","US","United States",41,6,"614",1,2016,4,11,2,"F","DU",
32.00,32.00,1286000.00,5120.00,4151.00,10772.00,20051.00,740.00,4245.00,3320.00,"AA",19805,"American Airlines Inc.","0A050","D","AA","American Airlines Inc.",3,3,13930,1393004,30977,"ORD","Chicago, IL","IL","17","Illinois","US","United States",41,12478,1247803,31703,"JFK","New York, NY","NY","36","New York","US","United States",22,6,"614",1,2016,4,11,2,"F","DU",
32.00,32.00,1259500.00,4800.00,4146.00,3059.00,2182.00,678.00,3699.00,2942.00,"AA",19805,"American Airlines Inc.","0A050","D","AA","American Airlines Inc.",3,3,13930,1393004,30977,"ORD","Chicago, IL","IL","17","Illinois","US","United States",41,14100,1410002,34100,"PHL","Philadelphia, PA","PA","42","Pennsylvania","US","United States",23,6,"694",1,2016,4,11,2,"F","DU",
32.00,32.00,1261100.00,4800.00,4253.00,1416.00,0.00,678.00,4577.00,3355.00,"AA",19805,"American Airlines Inc.","0A050","D","AA","American Airlines Inc.",3,3,14100,1410002,34100,"PHL","Philadelphia, PA","PA","42","Pennsylvania","US","United States",23,13930,1393004,30977,"ORD","Chicago, IL","IL","17","Illinois","US","United States",41,6,"694",1,2016,4,11,2,"F","DU",
35.00,35.00,2836700.00,7324.00,6348.00,497276.00,68931.00,1197.00,6027.00,5163.00,"AA",19805,"American Airlines Inc.","0A050","D","AA","American Airlines Inc.",3,3,13930,1393004,30977,"ORD","Chicago, IL","IL","17","Illinois","US","United States",41,13303,1330303,32467,"MIA","Miami, FL","FL","12","Florida","US","United States",33,6,"626",1,2016,4,11,3,"F","DU",
36.00,36.00,1453800.00,5760.00,4858.00,0.00,0.00,1444.00,8243.00,7132.00,"AA",19805,"American Airlines Inc.","10050","L","AA","American Airlines Inc.",3,3,11032,1103201,31032,"CUN","Cancun, Mexico","","","","MX","Mexico",148,13930,1393004,30977,"ORD","Chicago, IL","IL","17","Illinois","US","United States",41,6,"614",1,2016,4,11,3,"F","IU",
36.00,36.00,1454800.00,5760.00,4759.00,12578.00,0.00,1444.00,7542.00,6774.00,"AA",19805,"American Airlines Inc.","10050","L","AA","American Airlines Inc.",3,3,13930,1393004,30977,"ORD","Chicago, IL","IL","17","Illinois","US","United States",41,11032,1103201,31032,"CUN","Cancun, Mexico","","","","MX","Mexico",148,6,"614",1,2016,4,11,3,"F","IU",
37.00,37.00,1495900.00,5920.00,5229.00,2479.00,15360.00,1739.00,9778.00,8923.00,"AA",19805,"American Airlines Inc.","0A050","D","AA","American Airlines Inc.",3,3,13930,1393004,30977,"ORD","Chicago, IL","IL","17","Illinois","US","United States",41,14057,1405702,34057,"PDX","Portland, OR","OR","41","Oregon","US","United States",92,6,"614",1,2016,4,11,4,"F","DU",
37.00,37.00,1487310.00,5920.00,5282.00,5627.00,2369.00,1739.00,8610.00,7538.00,"AA",19805,"American Airlines Inc.","0A050","D","AA","American Airlines Inc.",3,3,14057,1405702,34057,"PDX","Portland, OR","OR","41","Oregon","US","United States",92,13930,1393004,30977,"ORD","Chicago, IL","IL","17","Illinois","US","United States",41,6,"614",1,2016,4,11,4,"F","DU",
40.00,40.00,3240000.00,8459.00,6460.00,407499.00,48664.00,802.00,5731.00,4511.00,"AA",19805,"American Airlines Inc.","0A050","D","AA","American Airlines Inc.",3,3,13930,1393004,30977,"ORD","Chicago, IL","IL","17","Illinois","US","United States",41,11298,1129804,30194,"DFW","Dallas/Fort Worth, TX","TX","48","Texas","US","United States",74,6,"626",1,2016,4,11,2,"F","DU",
47.00,47.00,2353100.00,8507.00,7532.00,0.00,0.00,1005.00,8191.00,6848.00,"AA",19805,"American Airlines Inc.","0A050","D","AA","American Airlines Inc.",3,3,13204,1320402,31454,"MCO","Orlando, FL","FL","12","Florida","US","United States",33,13930,1393004,30977,"ORD","Chicago, IL","IL","17","Illinois","US","United States",41,6,"699",1,2016,4,11,3,"F","DU",
47.00,46.00,1661300.00,6440.00,5362.00,271.00,0.00,1437.00,9957.00,8964.00,"AA",19805,"American Airlines Inc.","0A050","D","AA","American Airlines Inc.",3,3,13930,1393004,30977,"ORD","Chicago, IL","IL","17","Illinois","US","United States",41,15376,1537602,30436,"TUS","Tucson, AZ","AZ","04","Arizona","US","United States",81,6,"655",1,2016,4,11,3,"F","DU",
47.00,46.00,1658200.00,6440.00,5522.00,727.00,0.00,1437.00,9389.00,8165.00,"AA",19805,"American Airlines Inc.","0A050","D","AA","American Airlines Inc.",3,3,15376,1537602,30436,"TUS","Tucson, AZ","AZ","04","Arizona","US","United States",81,13930,1393004,30977,"ORD","Chicago, IL","IL","17","Illinois","US","United States",41,6,"655",1,2016,4,11,3,"F","DU",
48.00,48.00,2399100.00,8688.00,7569.00,7.00,0.00,1005.00,7405.00,6158.00,"AA",19805,"American Airlines Inc.","0A050","D","AA","American Airlines Inc.",3,3,13930,1393004,30977,"ORD","Chicago, IL","IL","17","Illinois","US","United States",41,13204,1320402,31454,"MCO","Orlando, FL","FL","12","Florida","US","United States",33,6,"699",1,2016,4,11,3,"F","DU",
49.00,49.00,1977000.00,7840.00,6930.00,368.00,0.00,1829.00,12983.00,12007.00,"AA",19805,"American Airlines Inc.","0A050","D","AA","American Airlines Inc.",3,3,13930,1393004,30977,"ORD","Chicago, IL","IL","17","Illinois","US","United States",41,14831,1483104,32457,"SJC","San Jose, CA","CA","06","California","US","United States",91,6,"614",1,2016,4,11,4,"F","DU",
49.00,49.00,1974800.00,7840.00,6795.00,0.00,0.00,1829.00,12387.00,10850.00,"AA",19805,"American Airlines Inc.","0A050","D","AA","American Airlines Inc.",3,3,14831,1483104,32457,"SJC","San Jose, CA","CA","06","California","US","United States",91,13930,1393004,30977,"ORD","Chicago, IL","IL","17","Illinois","US","United States",41,6,"614",1,2016,4,11,4,"F","DU",
50.00,50.00,4054600.00,10211.00,7246.00,681788.00,1314.00,3953.00,26875.00,25309.00,"AA",19805,"American Airlines Inc.","10049","A","AA","American Airlines Inc.",3,3,12972,1297204,30730,"LHR","London, United Kingdom","","","","GB","United Kingdom",493,13930,1393004,30977,"ORD","Chicago, IL","IL","17","Illinois","US","United States",41,6,"626",1,2016,4,11,8,"F","IU",
50.00,50.00,4052800.00,10214.00,7383.00,603735.00,63876.00,3953.00,23110.00,21725.00,"AA",19805,"American Airlines Inc.","10049","A","AA","American Airlines Inc.",3,3,13930,1393004,30977,"ORD","Chicago, IL","IL","17","Illinois","US","United States",41,12972,1297204,30730,"LHR","London, United Kingdom","","","","GB","United Kingdom",493,6,"626",1,2016,4,11,8,"F","IU",
51.00,51.00,2060000.00,8160.00,6388.00,1302.00,0.00,334.00,5013.00,2862.00,"AA",19805,"American Airlines Inc.","0A050","D","AA","American Airlines Inc.",3,3,13487,1348702,31650,"MSP","Minneapolis, MN","MN","27","Minnesota","US","United States",63,13930,1393004,30977,"ORD","Chicago, IL","IL","17","Illinois","US","United States",41,6,"614",1,2016,4,11,1,"F","DU",
51.00,51.00,2060000.00,8160.00,6546.00,2161.00,12.00,334.00,4147.00,2997.00,"AA",19805,"American Airlines Inc.","0A050","D","AA","American Airlines Inc.",3,3,13930,1393004,30977,"ORD","Chicago, IL","IL","17","Illinois","US","United States",41,13487,1348702,31650,"MSP","Minneapolis, MN","MN","27","Minnesota","US","United States",63,6,"614",1,2016,4,11,1,"F","DU",
52.00,51.00,2558100.00,9231.00,8306.00,8030.00,19598.00,1846.00,13836.00,12529.00,"AA",19805,"American Airlines Inc.","0A050","D","AA","American Airlines Inc.",3,3,13930,1393004,30977,"ORD","Chicago, IL","IL","17","Illinois","US","United States",41,14771,1477102,32457,"SFO","San Francisco, CA","CA","06","California","US","United States",91,6,"699",1,2016,4,11,4,"F","DU",
52.00,51.00,2558100.00,9231.00,8123.00,25212.00,5061.00,1846.00,12796.00,11017.00,"AA",19805,"American Airlines Inc.","0A050","D","AA","American Airlines Inc.",3,3,14771,1477102,32457,"SFO","San Francisco, CA","CA","06","California","US","United States",91,13930,1393004,30977,"ORD","Chicago, IL","IL","17","Illinois","US","United States",41,6,"699",1,2016,4,11,4,"F","DU",
56.00,55.00,2789200.00,10135.00,8285.00,16905.00,14521.00,802.00,8052.00,6434.00,"AA",19805,"American Airlines Inc.","0A050","D","AA","American Airlines Inc.",3,3,13930,1393004,30977,"ORD","Chicago, IL","IL","17","Illinois","US","United States",41,11298,1129804,30194,"DFW","Dallas/Fort Worth, TX","TX","48","Texas","US","United States",74,6,"699",1,2016,4,11,2,"F","DU",
58.00,58.00,2333600.00,9280.00,7978.00,591.00,0.00,1144.00,11121.00,9514.00,"AA",19805,"American Airlines Inc.","0A050","D","AA","American Airlines Inc.",3,3,14027,1402702,34027,"PBI","West Palm Beach/Palm Beach, FL","FL","12","Florida","US","United States",33,13930,1393004,30977,"ORD","Chicago, IL","IL","17","Illinois","US","United States",41,6,"614",1,2016,4,11,3,"F","DU",
59.00,59.00,2386400.00,9440.00,8220.00,4431.00,0.00,1144.00,9946.00,8688.00,"AA",19805,"American Airlines Inc.","0A050","D","AA","American Airlines Inc.",3,3,13930,1393004,30977,"ORD","Chicago, IL","IL","17","Illinois","US","United States",41,14027,1402702,34027,"PBI","West Palm Beach/Palm Beach, FL","FL","12","Florida","US","United States",33,6,"614",1,2016,4,11,3,"F","DU",
59.00,59.00,2385100.00,9440.00,8181.00,2094.00,922.00,1440.00,11790.00,10308.00,"AA",19805,"American Airlines Inc.","0A050","D","AA","American Airlines Inc.",3,3,14107,1410702,30466,"PHX","Phoenix, AZ","AZ","04","Arizona","US","United States",81,13930,1393004,30977,"ORD","Chicago, IL","IL","17","Illinois","US","United States",41,6,"614",1,2016,4,11,3,"F","DU",
61.00,61.00,2462410.00,9760.00,8048.00,5243.00,2217.00,1440.00,13433.00,11975.00,"AA",19805,"American Airlines Inc.","0A050","D","AA","American Airlines Inc.",3,3,13930,1393004,30977,"ORD","Chicago, IL","IL","17","Illinois","US","United States",41,14107,1410702,30466,"PHX","Phoenix, AZ","AZ","04","Arizona","US","United States",81,6,"614",1,2016,4,11,3,"F","DU",
64.00,64.00,5186200.00,13447.00,10446.00,456505.00,5836.00,1197.00,12532.00,10618.00,"AA",19805,"American Airlines Inc.","0A050","D","AA","American Airlines Inc.",3,3,13303,1330303,32467,"MIA","Miami, FL","FL","12","Florida","US","United States",33,13930,1393004,30977,"ORD","Chicago, IL","IL","17","Illinois","US","United States",41,6,"626",1,2016,4,11,3,"F","DU",
65.00,65.00,2607800.00,10400.00,8057.00,2070.00,578.00,606.00,7305.00,5521.00,"AA",19805,"American Airlines Inc.","0A050","D","AA","American Airlines Inc.",3,3,13930,1393004,30977,"ORD","Chicago, IL","IL","17","Illinois","US","United States",41,10397,1039705,30397,"ATL","Atlanta, GA","GA","13","Georgia","US","United States",34,6,"614",1,2016,4,11,2,"F","DU",
66.00,66.00,2658100.00,10560.00,7450.00,312.00,0.00,606.00,8219.00,6192.00,"AA",19805,"American Airlines Inc.","0A050","D","AA","American Airlines Inc.",3,3,10397,1039705,30397,"ATL","Atlanta, GA","GA","13","Georgia","US","United States",34,13930,1393004,30977,"ORD","Chicago, IL","IL","17","Illinois","US","United States",41,6,"614",1,2016,4,11,2,"F","DU",
70.00,70.00,2825200.00,11200.00,9771.00,974.00,0.00,1182.00,12019.00,10588.00,"AA",19805,"American Airlines Inc.","0A050","D","AA","American Airlines Inc.",3,3,13930,1393004,30977,"ORD","Chicago, IL","IL","17","Illinois","US","United States",41,11697,1169704,32467,"FLL","Fort Lauderdale, FL","FL","12","Florida","US","United States",33,6,"614",1,2016,4,11,3,"F","DU",
71.00,71.00,2865200.00,11360.00,9844.00,8354.00,0.00,1182.00,13888.00,11752.00,"AA",19805,"American Airlines Inc.","0A050","D","AA","American Airlines Inc.",3,3,11697,1169704,32467,"FLL","Fort Lauderdale, FL","FL","12","Florida","US","United States",33,13930,1393004,30977,"ORD","Chicago, IL","IL","17","Illinois","US","United States",41,6,"614",1,2016,4,11,3,"F","DU",
75.00,73.00,2671100.00,10220.00,7456.00,1031.00,0.00,235.00,6463.00,3627.00,"AA",19805,"American Airlines Inc.","0A050","D","AA","American Airlines Inc.",3,3,11433,1143302,31295,"DTW","Detroit, MI","MI","26","Michigan","US","United States",43,13930,1393004,30977,"ORD","Chicago, IL","IL","17","Illinois","US","United States",41,6,"655",1,2016,4,11,1,"F","DU",
76.00,74.00,2709500.00,10360.00,7278.00,1313.00,53.00,235.00,5555.00,3565.00,"AA",19805,"American Airlines Inc.","0A050","D","AA","American Airlines Inc.",3,3,13930,1393004,30977,"ORD","Chicago, IL","IL","17","Illinois","US","United States",41,11433,1143302,31295,"DTW","Detroit, MI","MI","26","Michigan","US","United States",43,6,"655",1,2016,4,11,1,"F","DU",
79.00,79.00,2865900.00,11060.00,9149.00,18646.00,3634.00,802.00,10950.00,8650.00,"AA",19805,"American Airlines Inc.","0A050","D","AA","American Airlines Inc.",3,3,11298,1129804,30194,"DFW","Dallas/Fort Worth, TX","TX","48","Texas","US","United States",74,13930,1393004,30977,"ORD","Chicago, IL","IL","17","Illinois","US","United States",41,6,"655",1,2016,4,11,2,"F","DU",
81.00,81.00,3269300.00,12960.00,11388.00,378.00,0.00,719.00,12013.00,9196.00,"AA",19805,"American Airlines Inc.","0A050","D","AA","American Airlines Inc.",3,3,11618,1161802,31703,"EWR","Newark, NJ","NJ","34","New Jersey","US","United States",21,13930,1393004,30977,"ORD","Chicago, IL","IL","17","Illinois","US","United States",41,6,"614",1,2016,4,11,2,"F","DU",
81.00,81.00,3274700.00,12960.00,11797.00,1966.00,0.00,719.00,10132.00,7790.00,"AA",19805,"American Airlines Inc.","0A050","D","AA","American Airlines Inc.",3,3,13930,1393004,30977,"ORD","Chicago, IL","IL","17","Illinois","US","United States",41,11618,1161802,31703,"EWR","Newark, NJ","NJ","34","New Jersey","US","United States",21,6,"614",1,2016,4,11,2,"F","DU",
81.00,77.00,2789200.00,10780.00,6729.00,3018.00,7297.00,258.00,5007.00,3405.00,"AA",19805,"American Airlines Inc.","0A050","D","AA","American Airlines Inc.",3,3,13930,1393004,30977,"ORD","Chicago, IL","IL","17","Illinois","US","United States",41,15016,1501603,31123,"STL","St. Louis, MO","MO","29","Missouri","US","United States",64,6,"655",1,2016,4,11,1,"F","DU",
83.00,83.00,3049700.00,11620.00,9688.00,240.00,0.00,646.00,11387.00,8686.00,"AA",19805,"American Airlines Inc.","0A050","D","AA","American Airlines Inc.",3,3,14492,1449202,34492,"RDU","Raleigh/Durham, NC","NC","37","North Carolina","US","United States",36,13930,1393004,30977,"ORD","Chicago, IL","IL","17","Illinois","US","United States",41,6,"655",1,2016,4,11,2,"F","DU",
84.00,83.00,3351500.00,13280.00,11810.00,42253.00,54904.00,1744.00,21402.00,18940.00,"AA",19805,"American Airlines Inc.","0A050","D","AA","American Airlines Inc.",3,3,13930,1393004,30977,"ORD","Chicago, IL","IL","17","Illinois","US","United States",41,12892,1289204,32575,"LAX","Los Angeles, CA","CA","06","California","US","United States",91,6,"614",1,2016,4,11,4,"F","DU",
86.00,86.00,3469600.00,13760.00,12154.00,1273.00,14713.00,1012.00,12874.00,11139.00,"AA",19805,"American Airlines Inc.","0A050","D","AA","American Airlines Inc.",3,3,13930,1393004,30977,"ORD","Chicago, IL","IL","17","Illinois","US","United States",41,15304,1530402,33195,"TPA","Tampa, FL","FL","12","Florida","US","United States",33,6,"614",1,2016,4,11,3,"F","DU",
86.00,86.00,3474700.00,13760.00,12160.00,828.00,0.00,1012.00,14710.00,12345.00,"AA",19805,"American Airlines Inc.","0A050","D","AA","American Airlines Inc.",3,3,15304,1530402,33195,"TPA","Tampa, FL","FL","12","Florida","US","United States",33,13930,1393004,30977,"ORD","Chicago, IL","IL","17","Illinois","US","United States",41,6,"614",1,2016,4,11,3,"F","DU",
87.00,87.00,3161100.00,12176.00,9860.00,6674.00,42740.00,802.00,12334.00,10194.00,"AA",19805,"American Airlines Inc.","0A050","D","AA","American Airlines Inc.",3,3,13930,1393004,30977,"ORD","Chicago, IL","IL","17","Illinois","US","United States",41,11298,1129804,30194,"DFW","Dallas/Fort Worth, TX","TX","48","Texas","US","United States",74,6,"655",1,2016,4,11,2,"F","DU",
90.00,89.00,4514300.00,16295.00,13831.00,16320.00,11251.00,802.00,12305.00,9444.00,"AA",19805,"American Airlines Inc.","0A050","D","AA","American Airlines Inc.",3,3,11298,1129804,30194,"DFW","Dallas/Fort Worth, TX","TX","48","Texas","US","United States",74,13930,1393004,30977,"ORD","Chicago, IL","IL","17","Illinois","US","United States",41,6,"699",1,2016,4,11,2,"F","DU",
94.00,93.00,3757600.00,14880.00,13572.00,68573.00,11908.00,1744.00,22665.00,19596.00,"AA",19805,"American Airlines Inc.","0A050","D","AA","American Airlines Inc.",3,3,12892,1289204,32575,"LAX","Los Angeles, CA","CA","06","California","US","United States",91,13930,1393004,30977,"ORD","Chicago, IL","IL","17","Illinois","US","United States",41,6,"614",1,2016,4,11,4,"F","DU",
97.00,97.00,3925800.00,15520.00,13523.00,1981.00,0.00,1005.00,15008.00,12547.00,"AA",19805,"American Airlines Inc.","0A050","D","AA","American Airlines Inc.",3,3,13930,1393004,30977,"ORD","Chicago, IL","IL","17","Illinois","US","United States",41,13204,1320402,31454,"MCO","Orlando, FL","FL","12","Florida","US","United States",33,6,"614",1,2016,4,11,3,"F","DU",
100.00,100.00,4038400.00,16000.00,12719.00,22012.00,20869.00,1197.00,19498.00,16561.00,"AA",19805,"American Airlines Inc.","0A050","D","AA","American Airlines Inc.",3,3,13303,1330303,32467,"MIA","Miami, FL","FL","12","Florida","US","United States",33,13930,1393004,30977,"ORD","Chicago, IL","IL","17","Illinois","US","United States",41,6,"614",1,2016,4,11,3,"F","DU",
101.00,101.00,4092600.00,16160.00,14659.00,745.00,0.00,1005.00,17598.00,14691.00,"AA",19805,"American Airlines Inc.","0A050","D","AA","American Airlines Inc.",3,3,13204,1320402,31454,"MCO","Orlando, FL","FL","12","Florida","US","United States",33,13930,1393004,30977,"ORD","Chicago, IL","IL","17","Illinois","US","United States",41,6,"614",1,2016,4,11,3,"F","DU",
102.00,102.00,3731500.00,14280.00,11879.00,11903.00,0.00,646.00,11284.00,9047.00,"AA",19805,"American Airlines Inc.","0A050","D","AA","American Airlines Inc.",3,3,13930,1393004,30977,"ORD","Chicago, IL","IL","17","Illinois","US","United States",41,14492,1449202,34492,"RDU","Raleigh/Durham, NC","NC","37","North Carolina","US","United States",36,6,"655",1,2016,4,11,2,"F","DU",
104.00,104.00,5162800.00,18766.00,15013.00,25704.00,16813.00,1197.00,20499.00,17251.00,"AA",19805,"American Airlines Inc.","0A050","D","AA","American Airlines Inc.",3,3,13303,1330303,32467,"MIA","Miami, FL","FL","12","Florida","US","United States",33,13930,1393004,30977,"ORD","Chicago, IL","IL","17","Illinois","US","United States",41,6,"622",1,2016,4,11,3,"F","DU",
107.00,106.00,3873400.00,14840.00,12733.00,4334.00,0.00,888.00,16147.00,13398.00,"AA",19805,"American Airlines Inc.","0A050","D","AA","American Airlines Inc.",3,3,13930,1393004,30977,"ORD","Chicago, IL","IL","17","Illinois","US","United States",41,11292,1129202,30325,"DEN","Denver, CO","CO","08","Colorado","US","United States",82,6,"655",1,2016,4,11,2,"F","DU",
107.00,106.00,3873400.00,14840.00,12816.00,841.00,0.00,888.00,15733.00,12370.00,"AA",19805,"American Airlines Inc.","0A050","D","AA","American Airlines Inc.",3,3,11292,1129202,30325,"DEN","Denver, CO","CO","08","Colorado","US","United States",82,13930,1393004,30977,"ORD","Chicago, IL","IL","17","Illinois","US","United States",41,6,"655",1,2016,4,11,2,"F","DU",
107.00,104.00,3774600.00,14560.00,7453.00,542.00,0.00,258.00,7886.00,4873.00,"AA",19805,"American Airlines Inc.","0A050","D","AA","American Airlines Inc.",3,3,15016,1501603,31123,"STL","St. Louis, MO","MO","29","Missouri","US","United States",64,13930,1393004,30977,"ORD","Chicago, IL","IL","17","Illinois","US","United States",41,6,"655",1,2016,4,11,1,"F","DU",
107.00,107.00,5309100.00,19268.00,16135.00,109267.00,68435.00,1197.00,18792.00,15924.00,"AA",19805,"American Airlines Inc.","0A050","D","AA","American Airlines Inc.",3,3,13930,1393004,30977,"ORD","Chicago, IL","IL","17","Illinois","US","United States",41,13303,1330303,32467,"MIA","Miami, FL","FL","12","Florida","US","United States",33,6,"622",1,2016,4,11,3,"F","DU",
109.00,109.00,4395800.00,17440.00,15330.00,592.00,11861.00,1726.00,26012.00,22832.00,"AA",19805,"American Airlines Inc.","0A050","D","AA","American Airlines Inc.",3,3,14908,1490803,32575,"SNA","Santa Ana, CA","CA","06","California","US","United States",91,13930,1393004,30977,"ORD","Chicago, IL","IL","17","Illinois","US","United States",41,6,"614",1,2016,4,11,4,"F","DU",
110.00,110.00,4434000.00,17600.00,15626.00,465.00,0.00,1726.00,27515.00,25095.00,"AA",19805,"American Airlines Inc.","0A050","D","AA","American Airlines Inc.",3,3,13930,1393004,30977,"ORD","Chicago, IL","IL","17","Illinois","US","United States",41,14908,1490803,32575,"SNA","Santa Ana, CA","CA","06","California","US","United States",91,6,"614",1,2016,4,11,4,"F","DU",
110.00,110.00,4439300.00,17600.00,14786.00,1875.00,0.00,977.00,17535.00,15204.00,"AA",19805,"American Airlines Inc.","0A050","D","AA","American Airlines Inc.",3,3,13930,1393004,30977,"ORD","Chicago, IL","IL","17","Illinois","US","United States",41,10423,1042302,30423,"AUS","Austin, TX","TX","48","Texas","US","United States",74,6,"614",1,2016,4,11,2,"F","DU",
110.00,110.00,4438610.00,17600.00,15154.00,601.00,0.00,977.00,17050.00,14117.00,"AA",19805,"American Airlines Inc.","0A050","D","AA","American Airlines Inc.",3,3,10423,1042302,30423,"AUS","Austin, TX","TX","48","Texas","US","United States",74,13930,1393004,30977,"ORD","Chicago, IL","IL","17","Illinois","US","United States",41,6,"614",1,2016,4,11,2,"F","DU",
113.00,113.00,4557000.00,18080.00,14913.00,139.00,0.00,1120.00,18397.00,15982.00,"AA",19805,"American Airlines Inc.","0A050","D","AA","American Airlines Inc.",3,3,13930,1393004,30977,"ORD","Chicago, IL","IL","17","Illinois","US","United States",41,14635,1463502,31714,"RSW","Fort Myers, FL","FL","12","Florida","US","United States",33,6,"614",1,2016,4,11,3,"F","DU",
113.00,112.00,4513800.00,17920.00,14767.00,390.00,0.00,1120.00,20541.00,17593.00,"AA",19805,"American Airlines Inc.","0A050","D","AA","American Airlines Inc.",3,3,14635,1463502,31714,"RSW","Fort Myers, FL","FL","12","Florida","US","United States",33,13930,1393004,30977,"ORD","Chicago, IL","IL","17","Illinois","US","United States",41,6,"614",1,2016,4,11,3,"F","DU",
114.00,112.00,4120900.00,15680.00,12604.00,2241.00,0.00,334.00,9344.00,6847.00,"AA",19805,"American Airlines Inc.","0A050","D","AA","American Airlines Inc.",3,3,13930,1393004,30977,"ORD","Chicago, IL","IL","17","Illinois","US","United States",41,13487,1348702,31650,"MSP","Minneapolis, MN","MN","27","Minnesota","US","United States",63,6,"655",1,2016,4,11,1,"F","DU",
115.00,113.00,4156200.00,15820.00,12706.00,1061.00,0.00,334.00,9875.00,6173.00,"AA",19805,"American Airlines Inc.","0A050","D","AA","American Airlines Inc.",3,3,13487,1348702,31650,"MSP","Minneapolis, MN","MN","27","Minnesota","US","United States",63,13930,1393004,30977,"ORD","Chicago, IL","IL","17","Illinois","US","United States",41,6,"655",1,2016,4,11,1,"F","DU",
117.00,117.00,4728100.00,18720.00,17043.00,28119.00,1781.00,1721.00,27208.00,23549.00,"AA",19805,"American Airlines Inc.","0A050","D","AA","American Airlines Inc.",3,3,14747,1474703,30559,"SEA","Seattle, WA","WA","53","Washington","US","United States",93,13930,1393004,30977,"ORD","Chicago, IL","IL","17","Illinois","US","United States",41,6,"614",1,2016,4,11,4,"F","DU",
119.00,119.00,4818900.00,19040.00,17657.00,40789.00,46888.00,1721.00,31447.00,28438.00,"AA",19805,"American Airlines Inc.","0A050","D","AA","American Airlines Inc.",3,3,13930,1393004,30977,"ORD","Chicago, IL","IL","17","Illinois","US","United States",41,14747,1474703,30559,"SEA","Seattle, WA","WA","53","Washington","US","United States",93,6,"614",1,2016,4,11,4,"F","DU",
120.00,120.00,4841000.00,19200.00,17581.00,22017.00,1636.00,1723.00,28485.00,24987.00,"AA",19805,"American Airlines Inc.","0A050","D","AA","American Airlines Inc.",3,3,14679,1467903,33570,"SAN","San Diego, CA","CA","06","California","US","United States",91,13930,1393004,30977,"ORD","Chicago, IL","IL","17","Illinois","US","United States",41,6,"614",1,2016,4,11,4,"F","DU",
120.00,120.00,4846210.00,19200.00,17594.00,5893.00,32605.00,1723.00,29655.00,27267.00,"AA",19805,"American Airlines Inc.","0A050","D","AA","American Airlines Inc.",3,3,13930,1393004,30977,"ORD","Chicago, IL","IL","17","Illinois","US","United States",41,14679,1467903,33570,"SAN","San Diego, CA","CA","06","California","US","United States",91,6,"614",1,2016,4,11,4,"F","DU",
124.00,124.00,4998300.00,19840.00,18288.00,7872.00,14768.00,1514.00,28103.00,24955.00,"AA",19805,"American Airlines Inc.","0A050","D","AA","American Airlines Inc.",3,3,13930,1393004,30977,"ORD","Chicago, IL","IL","17","Illinois","US","United States",41,12889,1288903,32211,"LAS","Las Vegas, NV","NV","32","Nevada","US","United States",85,6,"614",1,2016,4,11,4,"F","DU",
124.00,124.00,5004710.00,19840.00,18488.00,386.00,55702.00,1514.00,26671.00,22940.00,"AA",19805,"American Airlines Inc.","0A050","D","AA","American Airlines Inc.",3,3,12889,1288903,32211,"LAS","Las Vegas, NV","NV","32","Nevada","US","United States",85,13930,1393004,30977,"ORD","Chicago, IL","IL","17","Illinois","US","United States",41,6,"614",1,2016,4,11,4,"F","DU",
126.00,126.00,5091100.00,20160.00,18143.00,27492.00,17660.00,1846.00,33858.00,30901.00,"AA",19805,"American Airlines Inc.","0A050","D","AA","American Airlines Inc.",3,3,13930,1393004,30977,"ORD","Chicago, IL","IL","17","Illinois","US","United States",41,14771,1477102,32457,"SFO","San Francisco, CA","CA","06","California","US","United States",91,6,"614",1,2016,4,11,4,"F","DU",
127.00,126.00,5083510.00,20160.00,16558.00,21044.00,36656.00,1846.00,31029.00,27385.00,"AA",19805,"American Airlines Inc.","0A050","D","AA","American Airlines Inc.",3,3,14771,1477102,32457,"SFO","San Francisco, CA","CA","06","California","US","United States",91,13930,1393004,30977,"ORD","Chicago, IL","IL","17","Illinois","US","United States",41,6,"614",1,2016,4,11,4,"F","DU",
133.00,133.00,5376510.00,21280.00,16565.00,60025.00,78193.00,1197.00,23458.00,20082.00,"AA",19805,"American Airlines Inc.","0A050","D","AA","American Airlines Inc.",3,3,13930,1393004,30977,"ORD","Chicago, IL","IL","17","Illinois","US","United States",41,13303,1330303,32467,"MIA","Miami, FL","FL","12","Florida","US","United States",33,6,"614",1,2016,4,11,3,"F","DU",
156.00,156.00,7738800.00,28236.00,25390.00,70395.00,37234.00,1744.00,38001.00,32855.00,"AA",19805,"American Airlines Inc.","0A050","D","AA","American Airlines Inc.",3,3,12892,1289204,32575,"LAX","Los Angeles, CA","CA","06","California","US","United States",91,13930,1393004,30977,"ORD","Chicago, IL","IL","17","Illinois","US","United States",41,6,"699",1,2016,4,11,4,"F","DU",
164.00,163.00,6561900.00,26080.00,22060.00,41625.00,55064.00,802.00,23131.00,19056.00,"AA",19805,"American Airlines Inc.","0A050","D","AA","American Airlines Inc.",3,3,13930,1393004,30977,"ORD","Chicago, IL","IL","17","Illinois","US","United States",41,11298,1129804,30194,"DFW","Dallas/Fort Worth, TX","TX","48","Texas","US","United States",74,6,"614",1,2016,4,11,2,"F","DU",
167.00,167.00,8309900.00,30227.00,26648.00,41986.00,96584.00,1744.00,42571.00,37651.00,"AA",19805,"American Airlines Inc.","0A050","D","AA","American Airlines Inc.",3,3,13930,1393004,30977,"ORD","Chicago, IL","IL","17","Illinois","US","United States",41,12892,1289204,32575,"LAX","Los Angeles, CA","CA","06","California","US","United States",91,6,"699",1,2016,4,11,4,"F","DU",
173.00,173.00,6992700.00,27680.00,22634.00,28804.00,6439.00,802.00,23677.00,18475.00,"AA",19805,"American Airlines Inc.","0A050","D","AA","American Airlines Inc.",3,3,11298,1129804,30194,"DFW","Dallas/Fort Worth, TX","TX","48","Texas","US","United States",74,13930,1393004,30977,"ORD","Chicago, IL","IL","17","Illinois","US","United States",41,6,"614",1,2016,4,11,2,"F","DU",
181.00,181.00,9290500.00,33679.00,28885.00,15494.00,3147.00,678.00,24679.00,18691.00,"AA",19805,"American Airlines Inc.","0A050","D","AA","American Airlines Inc.",3,3,14100,1410002,34100,"PHL","Philadelphia, PA","PA","42","Pennsylvania","US","United States",23,13930,1393004,30977,"ORD","Chicago, IL","IL","17","Illinois","US","United States",41,6,"699",1,2016,4,11,2,"F","DU",
183.00,182.00,9342200.00,33866.00,28240.00,28891.00,58446.00,678.00,20696.00,16547.00,"AA",19805,"American Airlines Inc.","0A050","D","AA","American Airlines Inc.",3,3,13930,1393004,30977,"ORD","Chicago, IL","IL","17","Illinois","US","United States",41,14100,1410002,34100,"PHL","Philadelphia, PA","PA","42","Pennsylvania","US","United States",23,6,"699",1,2016,4,11,2,"F","DU",
193.00,193.00,7781800.00,30880.00,26069.00,1407.00,0.00,612.00,20732.00,16113.00,"AA",19805,"American Airlines Inc.","0A050","D","AA","American Airlines Inc.",3,3,13930,1393004,30977,"ORD","Chicago, IL","IL","17","Illinois","US","United States",41,11278,1127803,30852,"DCA","Washington, DC","VA","51","Virginia","US","United States",38,6,"614",1,2016,4,11,2,"F","DU",
205.00,205.00,10598500.00,38335.00,34663.00,22839.00,95733.00,1440.00,44731.00,39329.00,"AA",19805,"American Airlines Inc.","0A050","D","AA","American Airlines Inc.",3,3,13930,1393004,30977,"ORD","Chicago, IL","IL","17","Illinois","US","United States",41,14107,1410702,30466,"PHX","Phoenix, AZ","AZ","04","Arizona","US","United States",81,6,"699",1,2016,4,11,3,"F","DU",
205.00,205.00,10598500.00,38335.00,34692.00,40734.00,22855.00,1440.00,42243.00,35889.00,"AA",19805,"American Airlines Inc.","0A050","D","AA","American Airlines Inc.",3,3,14107,1410702,30466,"PHX","Phoenix, AZ","AZ","04","Arizona","US","United States",81,13930,1393004,30977,"ORD","Chicago, IL","IL","17","Illinois","US","United States",41,6,"699",1,2016,4,11,3,"F","DU",
213.00,213.00,11012100.00,39831.00,31929.00,28616.00,1144.00,599.00,24112.00,18093.00,"AA",19805,"American Airlines Inc.","0A050","D","AA","American Airlines Inc.",3,3,13930,1393004,30977,"ORD","Chicago, IL","IL","17","Illinois","US","United States",41,11057,1105703,31057,"CLT","Charlotte, NC","NC","37","North Carolina","US","United States",36,6,"699",1,2016,4,11,2,"F","DU",
216.00,216.00,11167200.00,40392.00,33125.00,11627.00,14391.00,599.00,26534.00,19525.00,"AA",19805,"American Airlines Inc.","0A050","D","AA","American Airlines Inc.",3,3,11057,1105703,31057,"CLT","Charlotte, NC","NC","37","North Carolina","US","United States",36,13930,1393004,30977,"ORD","Chicago, IL","IL","17","Illinois","US","United States",41,6,"699",1,2016,4,11,2,"F","DU",
219.00,219.00,8832800.00,35040.00,28970.00,17906.00,0.00,612.00,28022.00,20882.00,"AA",19805,"American Airlines Inc.","0A050","D","AA","American Airlines Inc.",3,3,11278,1127803,30852,"DCA","Washington, DC","VA","51","Virginia","US","United States",38,13930,1393004,30977,"ORD","Chicago, IL","IL","17","Illinois","US","United States",41,6,"614",1,2016,4,11,2,"F","DU",
268.00,268.00,10813700.00,42880.00,37967.00,58452.00,2461.00,867.00,44809.00,35428.00,"AA",19805,"American Airlines Inc.","0A050","D","AA","American Airlines Inc.",3,3,10721,1072102,30721,"BOS","Boston, MA","MA","25","Massachusetts","US","United States",13,13930,1393004,30977,"ORD","Chicago, IL","IL","17","Illinois","US","United States",41,6,"614",1,2016,4,11,2,"F","DU",
275.00,275.00,11104700.00,44000.00,38754.00,12105.00,17383.00,867.00,36598.00,30305.00,"AA",19805,"American Airlines Inc.","0A050","D","AA","American Airlines Inc.",3,3,13930,1393004,30977,"ORD","Chicago, IL","IL","17","Illinois","US","United States",41,10721,1072102,30721,"BOS","Boston, MA","MA","25","Massachusetts","US","United States",13,6,"614",1,2016,4,11,2,"F","DU",
410.00,409.00,16501100.00,65440.00,56065.00,22210.00,1.00,733.00,50798.00,40773.00,"AA",19805,"American Airlines Inc.","0A050","D","AA","American Airlines Inc.",3,3,13930,1393004,30977,"ORD","Chicago, IL","IL","17","Illinois","US","United States",41,12953,1295302,31703,"LGA","New York, NY","NY","36","New York","US","United States",22,6,"614",1,2016,4,11,2,"F","DU",
417.00,416.00,16788900.00,66560.00,54023.00,45160.00,0.00,733.00,64141.00,47707.00,"AA",19805,"American Airlines Inc.","0A050","D","AA","American Airlines Inc.",3,3,12953,1295302,31703,"LGA","New York, NY","NY","36","New York","US","United States",22,13930,1393004,30977,"ORD","Chicago, IL","IL","17","Illinois","US","United States",41,6,"614",1,2016,4,11,2,"F","DU",
